{"mean_squared_error": 0.9890190248177216, "mean_absolute_error": 0.7595035936154049, "r2_score": 0.010980975182278363}